<?xml version="1.0" encoding="UTF-8"?>
<members>
	<member>
		<name>마루치</name>
		<email>maru@naver.com</email>
		<phone>01012345678</phone>
	</member>
	<member>
		<name>손흥민</name>
		<email>sonny@naver.com</email>
		<phone>01042525678</phone>
	</member>
	<member>
		<name>정금모</name>
		<email>sonny@naver.com</email>
		<phone>01042525678</phone>
	</member>
	<member>
		<name>이성혁</name>
		<email>sonny@naver.com</email>
		<phone>01042525678</phone>
	</member>
	<member>
		<name>김유빈</name>
		<email>sonny@naver.com</email>
		<phone>01042525678</phone>
	</member>
	
</members>